{
    "config": {
        "base_config": {
            "data": {
                "cat_policy": "indices",
                "dset_id": 188,
                "normalization": "quantile",
                "task": "multiclass"
            },
            "model": {
                "activation": "reglu",
                "initialization": "kaiming",
                "n_heads": 8,
                "prenormalization": true
            },
            "seed": 0,
            "training": {
                "batch_size": 256,
                "eval_batch_size": 8192,
                "lr_n_decays": 0,
                "n_epochs": 500,
                "num_batch_warm_up": 0,
                "optimizer": "adamw",
                "patience": 30
            },
            "transfer": {
                "checkpoint_path": NaN,
                "downstream_samples_per_class": NaN,
                "epochs_warm_up_head": 0,
                "freeze_feature_extractor": false,
                "head_lr": NaN,
                "layers_to_fine_tune": [],
                "load_checkpoint": false,
                "pretrain_proportion": 0.5,
                "stage": "pretrain",
                "use_mlp_head": false
            }
        },
        "optimization": {
            "options": {
                "n_trials": 30
            },
            "sampler": {
                "seed": 0
            },
            "space": {
                "model": {
                    "attention_dropout": [
                        "uniform",
                        0.0,
                        0.5
                    ],
                    "d_ffn_factor": [
                        "$d_ffn_factor",
                        1.0,
                        4.0
                    ],
                    "d_token": [
                        "$d_token",
                        64,
                        512
                    ],
                    "ffn_dropout": [
                        "uniform",
                        0.0,
                        0.5
                    ],
                    "n_layers": [
                        "int",
                        1,
                        4
                    ],
                    "residual_dropout": [
                        "?uniform",
                        0.0,
                        0.0,
                        0.2
                    ]
                },
                "training": {
                    "lr": [
                        "loguniform",
                        1e-05,
                        0.001
                    ],
                    "weight_decay": [
                        "loguniform",
                        1e-06,
                        0.001
                    ]
                }
            }
        },
        "program": "bin/ft_transformer.py"
    },
    "environment": {
        "devices": {
            "CUDA_VISIBLE_DEVICES": "0",
            "torch.version.cuda": "10.2",
            "torch.backends.cudnn.version()": 7605,
            "torch.cuda.nccl.version()": 2708,
            "driver": "470.57.02",
            "0": {
                "name": "NVIDIA GeForce RTX 2080 Ti",
                "total_memory": 11554717696
            }
        }
    },
    "best_stats": {
        "dataset": 188,
        "algorithm": "ft_transformer",
        "config": {
            "data": {
                "cat_policy": "indices",
                "dset_id": 188,
                "normalization": "quantile",
                "task": "multiclass"
            },
            "model": {
                "activation": "reglu",
                "attention_dropout": 0.220831253414288,
                "d_ffn_factor": 2.122541352384976,
                "d_token": 368,
                "ffn_dropout": 0.07373175276982377,
                "initialization": "kaiming",
                "n_heads": 8,
                "n_layers": 3,
                "prenormalization": true,
                "residual_dropout": 0.06812690374868036
            },
            "seed": 0,
            "training": {
                "batch_size": 256,
                "eval_batch_size": 8192,
                "lr": 0.0005477957043364873,
                "lr_n_decays": 0,
                "n_epochs": 500,
                "num_batch_warm_up": 0,
                "optimizer": "adamw",
                "patience": 30,
                "weight_decay": 5.30931130337387e-06
            },
            "transfer": {
                "checkpoint_path": NaN,
                "downstream_samples_per_class": NaN,
                "epochs_warm_up_head": 0,
                "freeze_feature_extractor": false,
                "head_lr": NaN,
                "layers_to_fine_tune": [],
                "load_checkpoint": false,
                "pretrain_proportion": 0.5,
                "stage": "pretrain",
                "use_mlp_head": false
            }
        },
        "environment": {
            "devices": {
                "CUDA_VISIBLE_DEVICES": "0",
                "torch.version.cuda": "10.2",
                "torch.backends.cudnn.version()": 7605,
                "torch.cuda.nccl.version()": 2708,
                "driver": "470.57.02",
                "0": {
                    "name": "NVIDIA GeForce RTX 2080 Ti",
                    "total_memory": 11554717696
                }
            }
        },
        "replacement_sampling": false,
        "num_classes_train": 2,
        "num_classes_test": 2,
        "num_training_samples": 155,
        "cat_features_no": 5,
        "num_features_no": 14,
        "epoch_size": 1,
        "n_parameters": 4267968,
        "best_epoch": 41,
        "metrics": {
            "train": {
                "0": {
                    "precision": 0.9,
                    "recall": 1.0,
                    "f1-score": 0.9473684210526316,
                    "support": 81
                },
                "1": {
                    "precision": 1.0,
                    "recall": 0.8783783783783784,
                    "f1-score": 0.935251798561151,
                    "support": 74
                },
                "accuracy": 0.9419354838709677,
                "macro avg": {
                    "precision": 0.95,
                    "recall": 0.9391891891891893,
                    "f1-score": 0.9413101098068913,
                    "support": 155
                },
                "weighted avg": {
                    "precision": 0.947741935483871,
                    "recall": 0.9419354838709677,
                    "f1-score": 0.9415837109599249,
                    "support": 155
                },
                "balanced_accuracy": 0.9391891891891893,
                "adjusted_balanced_accuracy": 0.8783783783783785,
                "score": 0.9391891891891893
            },
            "val": {
                "0": {
                    "precision": 0.9565217391304348,
                    "recall": 0.8148148148148148,
                    "f1-score": 0.8800000000000001,
                    "support": 27
                },
                "1": {
                    "precision": 0.7058823529411765,
                    "recall": 0.9230769230769231,
                    "f1-score": 0.8000000000000002,
                    "support": 13
                },
                "accuracy": 0.85,
                "macro avg": {
                    "precision": 0.8312020460358056,
                    "recall": 0.8689458689458689,
                    "f1-score": 0.8400000000000001,
                    "support": 40
                },
                "weighted avg": {
                    "precision": 0.8750639386189258,
                    "recall": 0.85,
                    "f1-score": 0.8540000000000001,
                    "support": 40
                },
                "balanced_accuracy": 0.8689458689458689,
                "adjusted_balanced_accuracy": 0.7378917378917378,
                "score": 0.8689458689458689
            },
            "test": {
                "0": {
                    "precision": 0.7727272727272727,
                    "recall": 0.7727272727272727,
                    "f1-score": 0.7727272727272727,
                    "support": 22
                },
                "1": {
                    "precision": 0.75,
                    "recall": 0.75,
                    "f1-score": 0.75,
                    "support": 20
                },
                "accuracy": 0.7619047619047619,
                "macro avg": {
                    "precision": 0.7613636363636364,
                    "recall": 0.7613636363636364,
                    "f1-score": 0.7613636363636364,
                    "support": 42
                },
                "weighted avg": {
                    "precision": 0.7619047619047619,
                    "recall": 0.7619047619047619,
                    "f1-score": 0.7619047619047619,
                    "support": 42
                },
                "balanced_accuracy": 0.7613636363636364,
                "adjusted_balanced_accuracy": 0.5227272727272727,
                "score": 0.7613636363636364
            }
        },
        "time": "0:00:05",
        "trial_id": 24,
        "tuning_time": "0:03:55"
    },
    "time": "0:04:39"
}
