{
    "config": {
        "base_config": {
            "data": {
                "cat_policy": "indices",
                "dset_id": 188,
                "normalization": "quantile",
                "task": "multiclass"
            },
            "model": {
                "attentiontype": "colrow",
                "cont_embeddings": "MLP",
                "final_mlp_style": "sep",
                "use_cls": true
            },
            "seed": 0,
            "training": {
                "lr_n_decays": 0,
                "n_epochs": 500,
                "num_batch_warm_up": 0,
                "optimizer": "adamw",
                "patience": 30
            },
            "transfer": {
                "checkpoint_path": NaN,
                "downstream_samples_per_class": NaN,
                "epochs_warm_up_head": 0,
                "freeze_feature_extractor": false,
                "head_lr": NaN,
                "layers_to_fine_tune": [],
                "load_checkpoint": false,
                "pretrain_proportion": 0.5,
                "stage": "pretrain",
                "use_mlp_head": false
            }
        },
        "optimization": {
            "options": {
                "n_trials": 100
            },
            "sampler": {
                "seed": 0
            },
            "space": {
                "model": {
                    "attn_dropout": [
                        "uniform",
                        0.2,
                        0.8
                    ],
                    "depth": [
                        "int",
                        1,
                        4
                    ],
                    "embed_dim": [
                        "int",
                        8,
                        128
                    ],
                    "ff_dropout": [
                        "uniform",
                        0.2,
                        0.8
                    ],
                    "heads": [
                        "int",
                        2,
                        8
                    ]
                },
                "training": {
                    "batch_size": [
                        "int",
                        128,
                        512
                    ],
                    "lr": [
                        "loguniform",
                        1e-05,
                        0.001
                    ],
                    "weight_decay": [
                        "loguniform",
                        1e-06,
                        0.001
                    ]
                }
            }
        },
        "program": "bin/saint.py"
    },
    "environment": {
        "devices": {
            "CUDA_VISIBLE_DEVICES": "0",
            "torch.version.cuda": "10.1",
            "torch.backends.cudnn.version()": 7603,
            "torch.cuda.nccl.version()": 2708,
            "driver": "470.57.02",
            "0": {
                "name": "NVIDIA GeForce RTX 2080 Ti",
                "total_memory": 11554717696
            }
        }
    }
}
