{
    "config": {
        "base_config": {
            "data": {
                "cat_policy": "indices",
                "dset_id": 1483,
                "normalization": "quantile",
                "task": "multiclass"
            },
            "model": {
                "activation": "relu",
                "normalization": "batchnorm"
            },
            "seed": 0,
            "training": {
                "batch_size": 256,
                "eval_batch_size": 8192,
                "lr_n_decays": 0,
                "n_epochs": 500,
                "num_batch_warm_up": 0,
                "optimizer": "adamw",
                "patience": 30
            },
            "transfer": {
                "checkpoint_path": NaN,
                "downstream_samples_per_class": NaN,
                "epochs_warm_up_head": 0,
                "freeze_feature_extractor": false,
                "head_lr": NaN,
                "layers_to_fine_tune": [],
                "load_checkpoint": false,
                "pretrain_proportion": 0.5,
                "stage": "pretrain",
                "use_mlp_head": false
            }
        },
        "optimization": {
            "options": {
                "n_trials": 30
            },
            "sampler": {
                "seed": 0
            },
            "space": {
                "model": {
                    "d": [
                        "int",
                        64,
                        512
                    ],
                    "d_embedding": [
                        "int",
                        64,
                        512
                    ],
                    "d_hidden_factor": [
                        "uniform",
                        1.0,
                        4.0
                    ],
                    "hidden_dropout": [
                        "uniform",
                        0.0,
                        0.5
                    ],
                    "n_layers": [
                        "int",
                        1,
                        8
                    ],
                    "residual_dropout": [
                        "?uniform",
                        0.0,
                        0.0,
                        0.5
                    ]
                },
                "training": {
                    "lr": [
                        "loguniform",
                        1e-05,
                        0.01
                    ],
                    "weight_decay": [
                        "?loguniform",
                        0.0,
                        1e-06,
                        0.001
                    ]
                }
            }
        },
        "program": "bin/resnet.py"
    },
    "environment": {
        "devices": {
            "CUDA_VISIBLE_DEVICES": "0",
            "torch.version.cuda": "10.2",
            "torch.backends.cudnn.version()": 7605,
            "torch.cuda.nccl.version()": 2708,
            "driver": "470.57.02",
            "0": {
                "name": "NVIDIA GeForce RTX 2080 Ti",
                "total_memory": 11554717696
            }
        }
    },
    "best_stats": {
        "dataset": 1483,
        "algorithm": "resnet",
        "config": {
            "data": {
                "cat_policy": "indices",
                "dset_id": 1483,
                "normalization": "quantile",
                "task": "multiclass"
            },
            "model": {
                "activation": "relu",
                "d": 501,
                "d_embedding": 237,
                "d_hidden_factor": 3.447095793118831,
                "hidden_dropout": 0.2226054179891289,
                "n_layers": 5,
                "normalization": "batchnorm",
                "residual_dropout": 0.07491801401023987
            },
            "seed": 0,
            "training": {
                "batch_size": 256,
                "eval_batch_size": 8192,
                "lr": 0.001422728391511961,
                "lr_n_decays": 0,
                "n_epochs": 500,
                "num_batch_warm_up": 0,
                "optimizer": "adamw",
                "patience": 30,
                "weight_decay": 1.017057459893185e-05
            },
            "transfer": {
                "checkpoint_path": NaN,
                "downstream_samples_per_class": NaN,
                "epochs_warm_up_head": 0,
                "freeze_feature_extractor": false,
                "head_lr": NaN,
                "layers_to_fine_tune": [],
                "load_checkpoint": false,
                "pretrain_proportion": 0.5,
                "stage": "pretrain",
                "use_mlp_head": false
            }
        },
        "environment": {
            "devices": {
                "CUDA_VISIBLE_DEVICES": "0",
                "torch.version.cuda": "10.2",
                "torch.backends.cudnn.version()": 7605,
                "torch.cuda.nccl.version()": 2708,
                "driver": "470.57.02",
                "0": {
                    "name": "NVIDIA GeForce RTX 2080 Ti",
                    "total_memory": 11554717696
                }
            }
        },
        "replacement_sampling": false,
        "num_classes_train": 5,
        "num_classes_test": 5,
        "num_training_samples": 24310,
        "cat_features_no": 2,
        "num_features_no": 5,
        "epoch_size": 95,
        "n_parameters": 8909530,
        "best_epoch": 211,
        "metrics": {
            "train": {
                "0": {
                    "precision": 0.9029217719132894,
                    "recall": 0.8043660789252729,
                    "f1-score": 0.8507992895204264,
                    "support": 1191
                },
                "1": {
                    "precision": 0.901869796642555,
                    "recall": 0.9015006821282401,
                    "f1-score": 0.9016852016101521,
                    "support": 7330
                },
                "2": {
                    "precision": 0.9407561088059013,
                    "recall": 0.9413347685683531,
                    "f1-score": 0.9410453497309761,
                    "support": 13006
                },
                "3": {
                    "precision": 0.8772321428571429,
                    "recall": 0.9474445515911283,
                    "f1-score": 0.9109874826147428,
                    "support": 2074
                },
                "4": {
                    "precision": 0.8577844311377245,
                    "recall": 0.8081805359661495,
                    "f1-score": 0.8322440087145968,
                    "support": 709
                },
                "accuracy": 0.9192513368983958,
                "macro avg": {
                    "precision": 0.8961128502713226,
                    "recall": 0.8805653234358288,
                    "f1-score": 0.8873522664381788,
                    "support": 24310
                },
                "weighted avg": {
                    "precision": 0.91933805087744,
                    "recall": 0.9192513368983958,
                    "f1-score": 0.919018483806826,
                    "support": 24310
                },
                "balanced_accuracy": 0.8805653234358288,
                "adjusted_balanced_accuracy": 0.8507066542947861,
                "score": 0.8805653234358288
            },
            "val": {
                "0": {
                    "precision": 0.4978165938864629,
                    "recall": 0.42066420664206644,
                    "f1-score": 0.456,
                    "support": 271
                },
                "1": {
                    "precision": 0.7324455205811138,
                    "recall": 0.7418761496014715,
                    "f1-score": 0.7371306731647883,
                    "support": 1631
                },
                "2": {
                    "precision": 0.8468315825144019,
                    "recall": 0.8488451086956522,
                    "f1-score": 0.8478371501272265,
                    "support": 2944
                },
                "3": {
                    "precision": 0.6924564796905223,
                    "recall": 0.7765726681127982,
                    "f1-score": 0.7321063394683026,
                    "support": 461
                },
                "4": {
                    "precision": 0.591304347826087,
                    "recall": 0.43312101910828027,
                    "f1-score": 0.5,
                    "support": 157
                },
                "accuracy": 0.7776354319180088,
                "macro avg": {
                    "precision": 0.6721709048997175,
                    "recall": 0.6442158304320537,
                    "f1-score": 0.6546148325520635,
                    "support": 5464
                },
                "weighted avg": {
                    "precision": 0.7750103110687141,
                    "recall": 0.7776354319180088,
                    "f1-score": 0.7755984114936333,
                    "support": 5464
                },
                "balanced_accuracy": 0.6442158304320537,
                "adjusted_balanced_accuracy": 0.555269788040067,
                "score": 0.6442158304320537
            },
            "test": {
                "0": {
                    "precision": 0.45229681978798586,
                    "recall": 0.3565459610027855,
                    "f1-score": 0.3987538940809969,
                    "support": 359
                },
                "1": {
                    "precision": 0.7325066430469442,
                    "recall": 0.7403760071620412,
                    "f1-score": 0.7364203027604631,
                    "support": 2234
                },
                "2": {
                    "precision": 0.8424212106053026,
                    "recall": 0.8466566113624937,
                    "f1-score": 0.8445336008024072,
                    "support": 3978
                },
                "3": {
                    "precision": 0.6885964912280702,
                    "recall": 0.734789391575663,
                    "f1-score": 0.710943396226415,
                    "support": 641
                },
                "4": {
                    "precision": 0.5229885057471264,
                    "recall": 0.4918918918918919,
                    "f1-score": 0.5069637883008357,
                    "support": 185
                },
                "accuracy": 0.7722049479518723,
                "macro avg": {
                    "precision": 0.6477619340830859,
                    "recall": 0.634051972598975,
                    "f1-score": 0.6395229964342236,
                    "support": 7397
                },
                "weighted avg": {
                    "precision": 0.76897244816805,
                    "recall": 0.7722049479518723,
                    "f1-score": 0.770227563356863,
                    "support": 7397
                },
                "balanced_accuracy": 0.634051972598975,
                "adjusted_balanced_accuracy": 0.5425649657487188,
                "score": 0.634051972598975
            }
        },
        "time": "0:04:05",
        "trial_id": 27,
        "tuning_time": "1:24:14"
    },
    "time": "1:30:47"
}
