{
    "config": {
        "base_config": {
            "data": {
                "cat_policy": "indices",
                "dset_id": 40687,
                "normalization": "quantile",
                "task": "multiclass"
            },
            "model": {
                "activation": "reglu",
                "initialization": "kaiming",
                "n_heads": 8,
                "prenormalization": true
            },
            "seed": 0,
            "training": {
                "batch_size": 256,
                "eval_batch_size": 8192,
                "lr_n_decays": 0,
                "n_epochs": 500,
                "num_batch_warm_up": 0,
                "optimizer": "adamw",
                "patience": 30
            },
            "transfer": {
                "checkpoint_path": NaN,
                "downstream_samples_per_class": NaN,
                "epochs_warm_up_head": 0,
                "freeze_feature_extractor": false,
                "head_lr": NaN,
                "layers_to_fine_tune": [],
                "load_checkpoint": false,
                "pretrain_proportion": 0.5,
                "stage": "pretrain",
                "use_mlp_head": false
            }
        },
        "optimization": {
            "options": {
                "n_trials": 30
            },
            "sampler": {
                "seed": 0
            },
            "space": {
                "model": {
                    "attention_dropout": [
                        "uniform",
                        0.0,
                        0.5
                    ],
                    "d_ffn_factor": [
                        "$d_ffn_factor",
                        1.0,
                        4.0
                    ],
                    "d_token": [
                        "$d_token",
                        64,
                        512
                    ],
                    "ffn_dropout": [
                        "uniform",
                        0.0,
                        0.5
                    ],
                    "n_layers": [
                        "int",
                        1,
                        4
                    ],
                    "residual_dropout": [
                        "?uniform",
                        0.0,
                        0.0,
                        0.2
                    ]
                },
                "training": {
                    "lr": [
                        "loguniform",
                        1e-05,
                        0.001
                    ],
                    "weight_decay": [
                        "loguniform",
                        1e-06,
                        0.001
                    ]
                }
            }
        },
        "program": "bin/ft_transformer.py"
    },
    "environment": {
        "devices": {
            "CUDA_VISIBLE_DEVICES": "0",
            "torch.version.cuda": "10.2",
            "torch.backends.cudnn.version()": 7605,
            "torch.cuda.nccl.version()": 2708,
            "driver": "470.57.02",
            "0": {
                "name": "NVIDIA GeForce RTX 2080 Ti",
                "total_memory": 11554717696
            }
        }
    },
    "best_stats": {
        "dataset": 40687,
        "algorithm": "ft_transformer",
        "config": {
            "data": {
                "cat_policy": "indices",
                "dset_id": 40687,
                "normalization": "quantile",
                "task": "multiclass"
            },
            "model": {
                "activation": "reglu",
                "attention_dropout": 0.3573748013022274,
                "d_ffn_factor": 1.167315263203006,
                "d_token": 112,
                "ffn_dropout": 0.3039428909194598,
                "initialization": "kaiming",
                "n_heads": 8,
                "n_layers": 4,
                "prenormalization": true,
                "residual_dropout": 0.1484457399586371
            },
            "seed": 0,
            "training": {
                "batch_size": 256,
                "eval_batch_size": 8192,
                "lr": 0.0002509598063472592,
                "lr_n_decays": 0,
                "n_epochs": 500,
                "num_batch_warm_up": 0,
                "optimizer": "adamw",
                "patience": 30,
                "weight_decay": 4.070480178640866e-05
            },
            "transfer": {
                "checkpoint_path": NaN,
                "downstream_samples_per_class": NaN,
                "epochs_warm_up_head": 0,
                "freeze_feature_extractor": false,
                "head_lr": NaN,
                "layers_to_fine_tune": [],
                "load_checkpoint": false,
                "pretrain_proportion": 0.5,
                "stage": "pretrain",
                "use_mlp_head": false
            }
        },
        "environment": {
            "devices": {
                "CUDA_VISIBLE_DEVICES": "0",
                "torch.version.cuda": "10.2",
                "torch.backends.cudnn.version()": 7605,
                "torch.cuda.nccl.version()": 2708,
                "driver": "470.57.02",
                "0": {
                    "name": "NVIDIA GeForce RTX 2080 Ti",
                    "total_memory": 11554717696
                }
            }
        },
        "replacement_sampling": false,
        "num_classes_train": 3,
        "num_classes_test": 3,
        "num_training_samples": 435,
        "cat_features_no": 12,
        "num_features_no": 0,
        "epoch_size": 2,
        "n_parameters": 386995,
        "best_epoch": 46,
        "metrics": {
            "train": {
                "0": {
                    "precision": 0.8421052631578947,
                    "recall": 0.9171974522292994,
                    "f1-score": 0.8780487804878049,
                    "support": 157
                },
                "1": {
                    "precision": 0.7111111111111111,
                    "recall": 0.5423728813559322,
                    "f1-score": 0.6153846153846154,
                    "support": 59
                },
                "2": {
                    "precision": 1.0,
                    "recall": 1.0,
                    "f1-score": 1.0,
                    "support": 219
                },
                "accuracy": 0.9080459770114943,
                "macro avg": {
                    "precision": 0.8510721247563353,
                    "recall": 0.8198567778617439,
                    "f1-score": 0.8311444652908068,
                    "support": 435
                },
                "weighted avg": {
                    "precision": 0.9038300732674598,
                    "recall": 0.9080459770114943,
                    "f1-score": 0.903819197343167,
                    "support": 435
                },
                "balanced_accuracy": 0.8198567778617439,
                "adjusted_balanced_accuracy": 0.7297851667926158,
                "score": 0.8198567778617439
            },
            "val": {
                "0": {
                    "precision": 0.8461538461538461,
                    "recall": 0.825,
                    "f1-score": 0.8354430379746836,
                    "support": 40
                },
                "1": {
                    "precision": 0.5333333333333333,
                    "recall": 0.5714285714285714,
                    "f1-score": 0.5517241379310344,
                    "support": 14
                },
                "2": {
                    "precision": 1.0,
                    "recall": 1.0,
                    "f1-score": 1.0,
                    "support": 43
                },
                "accuracy": 0.865979381443299,
                "macro avg": {
                    "precision": 0.7931623931623931,
                    "recall": 0.7988095238095237,
                    "f1-score": 0.7957223919685726,
                    "support": 97
                },
                "weighted avg": {
                    "precision": 0.8692043351837165,
                    "recall": 0.865979381443299,
                    "f1-score": 0.867441850000225,
                    "support": 97
                },
                "balanced_accuracy": 0.7988095238095237,
                "adjusted_balanced_accuracy": 0.6982142857142856,
                "score": 0.7988095238095237
            },
            "test": {
                "0": {
                    "precision": 0.6521739130434783,
                    "recall": 0.7142857142857143,
                    "f1-score": 0.6818181818181819,
                    "support": 42
                },
                "1": {
                    "precision": 0.3333333333333333,
                    "recall": 0.2727272727272727,
                    "f1-score": 0.3,
                    "support": 22
                },
                "2": {
                    "precision": 1.0,
                    "recall": 1.0,
                    "f1-score": 1.0,
                    "support": 69
                },
                "accuracy": 0.7894736842105263,
                "macro avg": {
                    "precision": 0.6618357487922705,
                    "recall": 0.6623376623376623,
                    "f1-score": 0.6606060606060606,
                    "support": 133
                },
                "weighted avg": {
                    "precision": 0.7798844938433039,
                    "recall": 0.7894736842105263,
                    "f1-score": 0.7837320574162681,
                    "support": 133
                },
                "balanced_accuracy": 0.6623376623376623,
                "adjusted_balanced_accuracy": 0.4935064935064935,
                "score": 0.6623376623376623
            }
        },
        "time": "0:00:05",
        "trial_id": 14,
        "tuning_time": "0:03:01"
    },
    "time": "0:05:48"
}
