{
    "config": {
        "base_config": {
            "data": {
                "cat_policy": "indices",
                "dset_id": 1483,
                "normalization": "quantile",
                "task": "multiclass"
            },
            "model": {
                "activation": "reglu",
                "initialization": "kaiming",
                "n_heads": 8,
                "prenormalization": true
            },
            "seed": 0,
            "training": {
                "batch_size": 256,
                "eval_batch_size": 8192,
                "lr_n_decays": 0,
                "n_epochs": 500,
                "num_batch_warm_up": 0,
                "optimizer": "adamw",
                "patience": 30
            },
            "transfer": {
                "checkpoint_path": NaN,
                "downstream_samples_per_class": NaN,
                "epochs_warm_up_head": 0,
                "freeze_feature_extractor": false,
                "head_lr": NaN,
                "layers_to_fine_tune": [],
                "load_checkpoint": false,
                "pretrain_proportion": 0.5,
                "stage": "pretrain",
                "use_mlp_head": false
            }
        },
        "optimization": {
            "options": {
                "n_trials": 30
            },
            "sampler": {
                "seed": 0
            },
            "space": {
                "model": {
                    "attention_dropout": [
                        "uniform",
                        0.0,
                        0.5
                    ],
                    "d_ffn_factor": [
                        "$d_ffn_factor",
                        1.0,
                        4.0
                    ],
                    "d_token": [
                        "$d_token",
                        64,
                        512
                    ],
                    "ffn_dropout": [
                        "uniform",
                        0.0,
                        0.5
                    ],
                    "n_layers": [
                        "int",
                        1,
                        4
                    ],
                    "residual_dropout": [
                        "?uniform",
                        0.0,
                        0.0,
                        0.2
                    ]
                },
                "training": {
                    "lr": [
                        "loguniform",
                        1e-05,
                        0.001
                    ],
                    "weight_decay": [
                        "loguniform",
                        1e-06,
                        0.001
                    ]
                }
            }
        },
        "program": "bin/ft_transformer.py"
    },
    "environment": {
        "devices": {
            "CUDA_VISIBLE_DEVICES": "0",
            "torch.version.cuda": "10.2",
            "torch.backends.cudnn.version()": 7605,
            "torch.cuda.nccl.version()": 2708,
            "driver": "470.57.02",
            "0": {
                "name": "NVIDIA GeForce RTX 2080 Ti",
                "total_memory": 11554717696
            }
        }
    },
    "best_stats": {
        "dataset": 1483,
        "algorithm": "ft_transformer",
        "config": {
            "data": {
                "cat_policy": "indices",
                "dset_id": 1483,
                "normalization": "quantile",
                "task": "multiclass"
            },
            "model": {
                "activation": "reglu",
                "attention_dropout": 0.158600871034648,
                "d_ffn_factor": 2.223357630718485,
                "d_token": 344,
                "ffn_dropout": 0.1843625853304821,
                "initialization": "kaiming",
                "n_heads": 8,
                "n_layers": 2,
                "prenormalization": true,
                "residual_dropout": 0.0
            },
            "seed": 0,
            "training": {
                "batch_size": 256,
                "eval_batch_size": 8192,
                "lr": 1.563876852642779e-05,
                "lr_n_decays": 0,
                "n_epochs": 500,
                "num_batch_warm_up": 0,
                "optimizer": "adamw",
                "patience": 30,
                "weight_decay": 0.0003264635677523522
            },
            "transfer": {
                "checkpoint_path": NaN,
                "downstream_samples_per_class": NaN,
                "epochs_warm_up_head": 0,
                "freeze_feature_extractor": false,
                "head_lr": NaN,
                "layers_to_fine_tune": [],
                "load_checkpoint": false,
                "pretrain_proportion": 0.5,
                "stage": "pretrain",
                "use_mlp_head": false
            }
        },
        "environment": {
            "devices": {
                "CUDA_VISIBLE_DEVICES": "0",
                "torch.version.cuda": "10.2",
                "torch.backends.cudnn.version()": 7605,
                "torch.cuda.nccl.version()": 2708,
                "driver": "470.57.02",
                "0": {
                    "name": "NVIDIA GeForce RTX 2080 Ti",
                    "total_memory": 11554717696
                }
            }
        },
        "replacement_sampling": false,
        "num_classes_train": 5,
        "num_classes_test": 5,
        "num_training_samples": 24310,
        "cat_features_no": 2,
        "num_features_no": 5,
        "epoch_size": 95,
        "n_parameters": 2542125,
        "best_epoch": 383,
        "metrics": {
            "train": {
                "0": {
                    "precision": 0.8238938053097346,
                    "recall": 0.781696053736356,
                    "f1-score": 0.8022404136148212,
                    "support": 1191
                },
                "1": {
                    "precision": 0.8919832364472083,
                    "recall": 0.9001364256480219,
                    "f1-score": 0.8960412847151491,
                    "support": 7330
                },
                "2": {
                    "precision": 0.9427034611786717,
                    "recall": 0.9298016300169153,
                    "f1-score": 0.9362080978555393,
                    "support": 13006
                },
                "3": {
                    "precision": 0.875438596491228,
                    "recall": 0.9623915139826422,
                    "f1-score": 0.9168580615525953,
                    "support": 2074
                },
                "4": {
                    "precision": 0.8340740740740741,
                    "recall": 0.7940761636107193,
                    "f1-score": 0.8135838150289018,
                    "support": 709
                },
                "accuracy": 0.9124228712464006,
                "macro avg": {
                    "precision": 0.8736186347001833,
                    "recall": 0.873620357398931,
                    "f1-score": 0.8729863345534014,
                    "support": 24310
                },
                "weighted avg": {
                    "precision": 0.91268260094665,
                    "recall": 0.9124228712464006,
                    "f1-score": 0.91230637658585,
                    "support": 24310
                },
                "balanced_accuracy": 0.873620357398931,
                "adjusted_balanced_accuracy": 0.8420254467486638,
                "score": 0.873620357398931
            },
            "val": {
                "0": {
                    "precision": 0.4497991967871486,
                    "recall": 0.4132841328413284,
                    "f1-score": 0.4307692307692308,
                    "support": 271
                },
                "1": {
                    "precision": 0.741126070991432,
                    "recall": 0.7424892703862661,
                    "f1-score": 0.7418070444104136,
                    "support": 1631
                },
                "2": {
                    "precision": 0.8489282068730861,
                    "recall": 0.8474864130434783,
                    "f1-score": 0.8482066972633011,
                    "support": 2944
                },
                "3": {
                    "precision": 0.7207920792079208,
                    "recall": 0.789587852494577,
                    "f1-score": 0.753623188405797,
                    "support": 461
                },
                "4": {
                    "precision": 0.49635036496350365,
                    "recall": 0.43312101910828027,
                    "f1-score": 0.46258503401360546,
                    "support": 157
                },
                "accuracy": 0.777818448023426,
                "macro avg": {
                    "precision": 0.6513991837646183,
                    "recall": 0.645193737574786,
                    "f1-score": 0.6473982389724695,
                    "support": 5464
                },
                "weighted avg": {
                    "precision": 0.7760118962234316,
                    "recall": 0.777818448023426,
                    "f1-score": 0.776682358695134,
                    "support": 5464
                },
                "balanced_accuracy": 0.645193737574786,
                "adjusted_balanced_accuracy": 0.5564921719684826,
                "score": 0.645193737574786
            },
            "test": {
                "0": {
                    "precision": 0.4620253164556962,
                    "recall": 0.40668523676880225,
                    "f1-score": 0.4325925925925926,
                    "support": 359
                },
                "1": {
                    "precision": 0.7264193115780062,
                    "recall": 0.7273948075201433,
                    "f1-score": 0.7269067322746589,
                    "support": 2234
                },
                "2": {
                    "precision": 0.840393343419062,
                    "recall": 0.8378582202111614,
                    "f1-score": 0.8391238670694864,
                    "support": 3978
                },
                "3": {
                    "precision": 0.667621776504298,
                    "recall": 0.7269890795631825,
                    "f1-score": 0.6960418222554144,
                    "support": 641
                },
                "4": {
                    "precision": 0.46111111111111114,
                    "recall": 0.4486486486486487,
                    "f1-score": 0.4547945205479452,
                    "support": 185
                },
                "accuracy": 0.7642287413816412,
                "macro avg": {
                    "precision": 0.6315141718136348,
                    "recall": 0.6295151985423876,
                    "f1-score": 0.6298919069480196,
                    "support": 7397
                },
                "weighted avg": {
                    "precision": 0.7631504211286603,
                    "recall": 0.7642287413816412,
                    "f1-score": 0.7634912691918124,
                    "support": 7397
                },
                "balanced_accuracy": 0.6295151985423876,
                "adjusted_balanced_accuracy": 0.5368939981779844,
                "score": 0.6295151985423876
            }
        },
        "time": "0:07:55",
        "trial_id": 9,
        "tuning_time": "1:06:00"
    },
    "time": "2:22:10"
}
