{
    "config": {
        "base_config": {
            "data": {
                "cat_policy": "indices",
                "dset_id": 40975,
                "normalization": "quantile",
                "task": "multiclass"
            },
            "model": {
                "activation": "relu",
                "normalization": "batchnorm"
            },
            "seed": 0,
            "training": {
                "batch_size": 256,
                "eval_batch_size": 8192,
                "lr_n_decays": 0,
                "n_epochs": 500,
                "num_batch_warm_up": 0,
                "optimizer": "adamw",
                "patience": 30
            },
            "transfer": {
                "checkpoint_path": NaN,
                "downstream_samples_per_class": NaN,
                "epochs_warm_up_head": 0,
                "freeze_feature_extractor": false,
                "head_lr": NaN,
                "layers_to_fine_tune": [],
                "load_checkpoint": false,
                "pretrain_proportion": 0.5,
                "stage": "pretrain",
                "use_mlp_head": false
            }
        },
        "optimization": {
            "options": {
                "n_trials": 30
            },
            "sampler": {
                "seed": 0
            },
            "space": {
                "model": {
                    "d": [
                        "int",
                        64,
                        512
                    ],
                    "d_embedding": [
                        "int",
                        64,
                        512
                    ],
                    "d_hidden_factor": [
                        "uniform",
                        1.0,
                        4.0
                    ],
                    "hidden_dropout": [
                        "uniform",
                        0.0,
                        0.5
                    ],
                    "n_layers": [
                        "int",
                        1,
                        8
                    ],
                    "residual_dropout": [
                        "?uniform",
                        0.0,
                        0.0,
                        0.5
                    ]
                },
                "training": {
                    "lr": [
                        "loguniform",
                        1e-05,
                        0.01
                    ],
                    "weight_decay": [
                        "?loguniform",
                        0.0,
                        1e-06,
                        0.001
                    ]
                }
            }
        },
        "program": "bin/resnet.py"
    },
    "environment": {
        "devices": {
            "CUDA_VISIBLE_DEVICES": "0",
            "torch.version.cuda": "10.2",
            "torch.backends.cudnn.version()": 7605,
            "torch.cuda.nccl.version()": 2708,
            "driver": "470.57.02",
            "0": {
                "name": "NVIDIA GeForce RTX 2080 Ti",
                "total_memory": 11554717696
            }
        }
    },
    "best_stats": {
        "dataset": 40975,
        "algorithm": "resnet",
        "config": {
            "data": {
                "cat_policy": "indices",
                "dset_id": 40975,
                "normalization": "quantile",
                "task": "multiclass"
            },
            "model": {
                "activation": "relu",
                "d": 236,
                "d_embedding": 111,
                "d_hidden_factor": 3.145568099117258,
                "hidden_dropout": 0.3013816880358219,
                "n_layers": 4,
                "normalization": "batchnorm",
                "residual_dropout": 0.2118273996694524
            },
            "seed": 0,
            "training": {
                "batch_size": 256,
                "eval_batch_size": 8192,
                "lr": 0.0008663279761354553,
                "lr_n_decays": 0,
                "n_epochs": 500,
                "num_batch_warm_up": 0,
                "optimizer": "adamw",
                "patience": 30,
                "weight_decay": 0.0
            },
            "transfer": {
                "checkpoint_path": NaN,
                "downstream_samples_per_class": NaN,
                "epochs_warm_up_head": 0,
                "freeze_feature_extractor": false,
                "head_lr": NaN,
                "layers_to_fine_tune": [],
                "load_checkpoint": false,
                "pretrain_proportion": 0.5,
                "stage": "pretrain",
                "use_mlp_head": false
            }
        },
        "environment": {
            "devices": {
                "CUDA_VISIBLE_DEVICES": "0",
                "torch.version.cuda": "10.2",
                "torch.backends.cudnn.version()": 7605,
                "torch.cuda.nccl.version()": 2708,
                "driver": "470.57.02",
                "0": {
                    "name": "NVIDIA GeForce RTX 2080 Ti",
                    "total_memory": 11554717696
                }
            }
        },
        "replacement_sampling": false,
        "num_classes_train": 2,
        "num_classes_test": 2,
        "num_training_samples": 296,
        "cat_features_no": 6,
        "num_features_no": 0,
        "epoch_size": 2,
        "n_parameters": 1567385,
        "best_epoch": 25,
        "metrics": {
            "train": {
                "0": {
                    "precision": 0.996078431372549,
                    "recall": 1.0,
                    "f1-score": 0.9980353634577603,
                    "support": 254
                },
                "1": {
                    "precision": 1.0,
                    "recall": 0.9761904761904762,
                    "f1-score": 0.9879518072289156,
                    "support": 42
                },
                "accuracy": 0.9966216216216216,
                "macro avg": {
                    "precision": 0.9980392156862745,
                    "recall": 0.9880952380952381,
                    "f1-score": 0.992993585343338,
                    "support": 296
                },
                "weighted avg": {
                    "precision": 0.9966348701642819,
                    "recall": 0.9966216216216216,
                    "f1-score": 0.9966045885874512,
                    "support": 296
                },
                "balanced_accuracy": 0.9880952380952381,
                "adjusted_balanced_accuracy": 0.9761904761904763,
                "score": 0.9880952380952381
            },
            "val": {
                "0": {
                    "precision": 1.0,
                    "recall": 1.0,
                    "f1-score": 1.0,
                    "support": 57
                },
                "1": {
                    "precision": 1.0,
                    "recall": 1.0,
                    "f1-score": 1.0,
                    "support": 11
                },
                "accuracy": 1.0,
                "macro avg": {
                    "precision": 1.0,
                    "recall": 1.0,
                    "f1-score": 1.0,
                    "support": 68
                },
                "weighted avg": {
                    "precision": 1.0,
                    "recall": 1.0,
                    "f1-score": 1.0,
                    "support": 68
                },
                "balanced_accuracy": 1.0,
                "adjusted_balanced_accuracy": 1.0,
                "score": 1.0
            },
            "test": {
                "0": {
                    "precision": 1.0,
                    "recall": 1.0,
                    "f1-score": 1.0,
                    "support": 73
                },
                "1": {
                    "precision": 1.0,
                    "recall": 1.0,
                    "f1-score": 1.0,
                    "support": 12
                },
                "accuracy": 1.0,
                "macro avg": {
                    "precision": 1.0,
                    "recall": 1.0,
                    "f1-score": 1.0,
                    "support": 85
                },
                "weighted avg": {
                    "precision": 1.0,
                    "recall": 1.0,
                    "f1-score": 1.0,
                    "support": 85
                },
                "balanced_accuracy": 1.0,
                "adjusted_balanced_accuracy": 1.0,
                "score": 1.0
            }
        },
        "time": "0:00:02",
        "trial_id": 0,
        "tuning_time": "0:00:09"
    },
    "time": "0:04:26"
}
