{
    "config": {
        "base_config": {
            "data": {
                "cat_policy": "indices",
                "dset_id": 188,
                "normalization": "quantile",
                "task": "multiclass"
            },
            "model": {},
            "seed": 0,
            "training": {
                "batch_size": 256,
                "eval_batch_size": 8192,
                "lr_n_decays": 0,
                "n_epochs": 500,
                "num_batch_warm_up": 0,
                "optimizer": "adamw",
                "patience": 30
            },
            "transfer": {
                "checkpoint_path": NaN,
                "downstream_samples_per_class": NaN,
                "epochs_warm_up_head": 0,
                "freeze_feature_extractor": false,
                "head_lr": NaN,
                "layers_to_fine_tune": [],
                "load_checkpoint": false,
                "pretrain_proportion": 0.5,
                "stage": "pretrain",
                "use_mlp_head": false
            }
        },
        "optimization": {
            "options": {
                "n_trials": 30
            },
            "sampler": {
                "seed": 0
            },
            "space": {
                "model": {
                    "d_embedding": [
                        "int",
                        64,
                        512
                    ],
                    "d_layers": [
                        "$mlp_d_layers",
                        1,
                        8,
                        1,
                        512
                    ],
                    "dropout": [
                        "?uniform",
                        0.0,
                        0.0,
                        0.5
                    ]
                },
                "training": {
                    "lr": [
                        "loguniform",
                        1e-05,
                        0.01
                    ],
                    "weight_decay": [
                        "?loguniform",
                        0.0,
                        1e-06,
                        0.001
                    ]
                }
            }
        },
        "program": "bin/mlp.py"
    },
    "environment": {
        "devices": {
            "CUDA_VISIBLE_DEVICES": "0",
            "torch.version.cuda": "10.2",
            "torch.backends.cudnn.version()": 7605,
            "torch.cuda.nccl.version()": 2708,
            "driver": "470.57.02",
            "0": {
                "name": "NVIDIA GeForce RTX 2080 Ti",
                "total_memory": 11554717696
            }
        }
    },
    "best_stats": {
        "dataset": 188,
        "algorithm": "mlp",
        "config": {
            "data": {
                "cat_policy": "indices",
                "dset_id": 188,
                "normalization": "quantile",
                "task": "multiclass"
            },
            "model": {
                "d_embedding": 350,
                "d_layers": [
                    511,
                    511,
                    511,
                    512
                ],
                "dropout": 0.0
            },
            "seed": 0,
            "training": {
                "batch_size": 256,
                "eval_batch_size": 8192,
                "lr": 0.00918892148631417,
                "lr_n_decays": 0,
                "n_epochs": 500,
                "num_batch_warm_up": 0,
                "optimizer": "adamw",
                "patience": 30,
                "weight_decay": 0.0
            },
            "transfer": {
                "checkpoint_path": NaN,
                "downstream_samples_per_class": NaN,
                "epochs_warm_up_head": 0,
                "freeze_feature_extractor": false,
                "head_lr": NaN,
                "layers_to_fine_tune": [],
                "load_checkpoint": false,
                "pretrain_proportion": 0.5,
                "stage": "pretrain",
                "use_mlp_head": false
            }
        },
        "environment": {
            "devices": {
                "CUDA_VISIBLE_DEVICES": "0",
                "torch.version.cuda": "10.2",
                "torch.backends.cudnn.version()": 7605,
                "torch.cuda.nccl.version()": 2708,
                "driver": "470.57.02",
                "0": {
                    "name": "NVIDIA GeForce RTX 2080 Ti",
                    "total_memory": 11554717696
                }
            }
        },
        "replacement_sampling": false,
        "num_classes_train": 2,
        "num_classes_test": 2,
        "num_training_samples": 155,
        "cat_features_no": 5,
        "num_features_no": 14,
        "epoch_size": 1,
        "n_parameters": 1715299,
        "best_epoch": 9,
        "metrics": {
            "train": {
                "0": {
                    "precision": 0.8125,
                    "recall": 0.9629629629629629,
                    "f1-score": 0.8813559322033898,
                    "support": 81
                },
                "1": {
                    "precision": 0.9491525423728814,
                    "recall": 0.7567567567567568,
                    "f1-score": 0.8421052631578948,
                    "support": 74
                },
                "accuracy": 0.864516129032258,
                "macro avg": {
                    "precision": 0.8808262711864407,
                    "recall": 0.8598598598598599,
                    "f1-score": 0.8617305976806423,
                    "support": 155
                },
                "weighted avg": {
                    "precision": 0.8777405686167304,
                    "recall": 0.864516129032258,
                    "f1-score": 0.8626169031107019,
                    "support": 155
                },
                "balanced_accuracy": 0.8598598598598599,
                "adjusted_balanced_accuracy": 0.7197197197197198,
                "score": 0.8598598598598599
            },
            "val": {
                "0": {
                    "precision": 0.9545454545454546,
                    "recall": 0.7777777777777778,
                    "f1-score": 0.8571428571428572,
                    "support": 27
                },
                "1": {
                    "precision": 0.6666666666666666,
                    "recall": 0.9230769230769231,
                    "f1-score": 0.7741935483870968,
                    "support": 13
                },
                "accuracy": 0.825,
                "macro avg": {
                    "precision": 0.8106060606060606,
                    "recall": 0.8504273504273505,
                    "f1-score": 0.815668202764977,
                    "support": 40
                },
                "weighted avg": {
                    "precision": 0.8609848484848485,
                    "recall": 0.825,
                    "f1-score": 0.830184331797235,
                    "support": 40
                },
                "balanced_accuracy": 0.8504273504273505,
                "adjusted_balanced_accuracy": 0.700854700854701,
                "score": 0.8504273504273505
            },
            "test": {
                "0": {
                    "precision": 0.6896551724137931,
                    "recall": 0.9090909090909091,
                    "f1-score": 0.7843137254901961,
                    "support": 22
                },
                "1": {
                    "precision": 0.8461538461538461,
                    "recall": 0.55,
                    "f1-score": 0.6666666666666667,
                    "support": 20
                },
                "accuracy": 0.7380952380952381,
                "macro avg": {
                    "precision": 0.7679045092838197,
                    "recall": 0.7295454545454545,
                    "f1-score": 0.7254901960784315,
                    "support": 42
                },
                "weighted avg": {
                    "precision": 0.764178350385247,
                    "recall": 0.7380952380952381,
                    "f1-score": 0.7282913165266107,
                    "support": 42
                },
                "balanced_accuracy": 0.7295454545454545,
                "adjusted_balanced_accuracy": 0.459090909090909,
                "score": 0.7295454545454545
            }
        },
        "time": "0:00:01",
        "trial_id": 24,
        "tuning_time": "0:02:56"
    },
    "time": "0:03:32"
}
