{
    "config": {
        "base_config": {
            "data": {
                "cat_policy": "indices",
                "dset_id": 40975,
                "normalization": "quantile",
                "task": "multiclass"
            },
            "model": {},
            "seed": 0,
            "training": {
                "batch_size": 256,
                "eval_batch_size": 8192,
                "lr_n_decays": 0,
                "n_epochs": 500,
                "num_batch_warm_up": 0,
                "optimizer": "adamw",
                "patience": 30
            },
            "transfer": {
                "checkpoint_path": NaN,
                "downstream_samples_per_class": NaN,
                "epochs_warm_up_head": 0,
                "freeze_feature_extractor": false,
                "head_lr": NaN,
                "layers_to_fine_tune": [],
                "load_checkpoint": false,
                "pretrain_proportion": 0.5,
                "stage": "pretrain",
                "use_mlp_head": false
            }
        },
        "optimization": {
            "options": {
                "n_trials": 30
            },
            "sampler": {
                "seed": 0
            },
            "space": {
                "model": {
                    "d_embedding": [
                        "int",
                        64,
                        512
                    ],
                    "d_layers": [
                        "$mlp_d_layers",
                        1,
                        8,
                        1,
                        512
                    ],
                    "dropout": [
                        "?uniform",
                        0.0,
                        0.0,
                        0.5
                    ]
                },
                "training": {
                    "lr": [
                        "loguniform",
                        1e-05,
                        0.01
                    ],
                    "weight_decay": [
                        "?loguniform",
                        0.0,
                        1e-06,
                        0.001
                    ]
                }
            }
        },
        "program": "bin/mlp.py"
    },
    "environment": {
        "devices": {
            "CUDA_VISIBLE_DEVICES": "0",
            "torch.version.cuda": "10.2",
            "torch.backends.cudnn.version()": 7605,
            "torch.cuda.nccl.version()": 2708,
            "driver": "470.57.02",
            "0": {
                "name": "NVIDIA GeForce RTX 2080 Ti",
                "total_memory": 11554717696
            }
        }
    },
    "best_stats": {
        "dataset": 40975,
        "algorithm": "mlp",
        "config": {
            "data": {
                "cat_policy": "indices",
                "dset_id": 40975,
                "normalization": "quantile",
                "task": "multiclass"
            },
            "model": {
                "d_embedding": 152,
                "d_layers": [
                    166,
                    26
                ],
                "dropout": 0.1686980802086342
            },
            "seed": 0,
            "training": {
                "batch_size": 256,
                "eval_batch_size": 8192,
                "lr": 0.0008800667561385505,
                "lr_n_decays": 0,
                "n_epochs": 500,
                "num_batch_warm_up": 0,
                "optimizer": "adamw",
                "patience": 30,
                "weight_decay": 0.0
            },
            "transfer": {
                "checkpoint_path": NaN,
                "downstream_samples_per_class": NaN,
                "epochs_warm_up_head": 0,
                "freeze_feature_extractor": false,
                "head_lr": NaN,
                "layers_to_fine_tune": [],
                "load_checkpoint": false,
                "pretrain_proportion": 0.5,
                "stage": "pretrain",
                "use_mlp_head": false
            }
        },
        "environment": {
            "devices": {
                "CUDA_VISIBLE_DEVICES": "0",
                "torch.version.cuda": "10.2",
                "torch.backends.cudnn.version()": 7605,
                "torch.cuda.nccl.version()": 2708,
                "driver": "470.57.02",
                "0": {
                    "name": "NVIDIA GeForce RTX 2080 Ti",
                    "total_memory": 11554717696
                }
            }
        },
        "replacement_sampling": false,
        "num_classes_train": 2,
        "num_classes_test": 2,
        "num_training_samples": 296,
        "cat_features_no": 6,
        "num_features_no": 0,
        "epoch_size": 2,
        "n_parameters": 159146,
        "best_epoch": 40,
        "metrics": {
            "train": {
                "0": {
                    "precision": 1.0,
                    "recall": 1.0,
                    "f1-score": 1.0,
                    "support": 254
                },
                "1": {
                    "precision": 1.0,
                    "recall": 1.0,
                    "f1-score": 1.0,
                    "support": 42
                },
                "accuracy": 1.0,
                "macro avg": {
                    "precision": 1.0,
                    "recall": 1.0,
                    "f1-score": 1.0,
                    "support": 296
                },
                "weighted avg": {
                    "precision": 1.0,
                    "recall": 1.0,
                    "f1-score": 1.0,
                    "support": 296
                },
                "balanced_accuracy": 1.0,
                "adjusted_balanced_accuracy": 1.0,
                "score": 1.0
            },
            "val": {
                "0": {
                    "precision": 1.0,
                    "recall": 1.0,
                    "f1-score": 1.0,
                    "support": 57
                },
                "1": {
                    "precision": 1.0,
                    "recall": 1.0,
                    "f1-score": 1.0,
                    "support": 11
                },
                "accuracy": 1.0,
                "macro avg": {
                    "precision": 1.0,
                    "recall": 1.0,
                    "f1-score": 1.0,
                    "support": 68
                },
                "weighted avg": {
                    "precision": 1.0,
                    "recall": 1.0,
                    "f1-score": 1.0,
                    "support": 68
                },
                "balanced_accuracy": 1.0,
                "adjusted_balanced_accuracy": 1.0,
                "score": 1.0
            },
            "test": {
                "0": {
                    "precision": 0.9864864864864865,
                    "recall": 1.0,
                    "f1-score": 0.9931972789115647,
                    "support": 73
                },
                "1": {
                    "precision": 1.0,
                    "recall": 0.9166666666666666,
                    "f1-score": 0.9565217391304348,
                    "support": 12
                },
                "accuracy": 0.9882352941176471,
                "macro avg": {
                    "precision": 0.9932432432432432,
                    "recall": 0.9583333333333333,
                    "f1-score": 0.9748595090209997,
                    "support": 85
                },
                "weighted avg": {
                    "precision": 0.9883942766295708,
                    "recall": 0.9882352941176471,
                    "f1-score": 0.9880195556483464,
                    "support": 85
                },
                "balanced_accuracy": 0.9583333333333333,
                "adjusted_balanced_accuracy": 0.9166666666666665,
                "score": 0.9583333333333333
            }
        },
        "time": "0:00:01",
        "trial_id": 2,
        "tuning_time": "0:00:22"
    },
    "time": "0:03:31"
}
